#第15表　町別、産業大分類別事業所数及び従業者数 - 港北区,,,,,,,,,,,,,,,,,,,,,,,,,,,,,,,,,,,,,,,,,,,,,,,,,,,,,,,,,,,,,,,,,,,,,,,,,,,,,
町名,ふりがな,事業所数 総数　3）,従業者数　総数　1）3),従業者数（男）,従業者数（女）,Ａ農業，林業（事業所数）,Ａ農業，林業従業者数　総数　1）,Ａ農業，林業従業者数（男）,Ａ農業，林業従業者数（女）,Ｂ漁業（事業所数）,Ｂ漁業従業者数　総数　1）,Ｂ漁業従業者数（男）,Ｂ漁業従業者数（女）,Ｃ鉱業，採石業，砂利採取業（事業所数）,Ｃ鉱業，採石業，砂利採取業従業者数　総数　1）,Ｃ鉱業，採石業，砂利採取業従業者数（男）,Ｃ鉱業，採石業，砂利採取業従業者数（女）,Ｄ建設業（事業所数）,Ｄ建設業従業者数　総数　1）,Ｄ建設業従業者数（男）,Ｄ建設業従業者数（女）,Ｅ製造業（事業所数）,Ｅ製造業従業者数　総数　1）,Ｅ製造業従業者数（男）,Ｅ製造業従業者数（女）,Ｆ電気・ガス・　　熱供給・水道業（事業所数）,Ｆ電気・ガス・　　熱供給・水道業従業者数　総数　1）,Ｆ電気・ガス・　　熱供給・水道業従業者数（男）,Ｆ電気・ガス・　　熱供給・水道業従業者数（女）,Ｇ情報通信業（事業所数）,Ｇ情報通信業従業者数　総数　1）,Ｇ情報通信業従業者数（男）,Ｇ情報通信業従業者数（女）,Ｈ運輸業，郵便業（事業所数）,Ｈ運輸業，郵便業従業者数　総数　1）,Ｈ運輸業，郵便業従業者数（男）,Ｈ運輸業，郵便業従業者数（女）,Ｉ卸売業，小売業（事業所数）,Ｉ卸売業，小売業従業者数　総数　1）,Ｉ卸売業，小売業従業者数（男）,Ｉ卸売業，小売業従業者数（女）,Ｊ金融業，保険業（事業所数）,Ｊ金融業，保険業従業者数　総数　1）,Ｊ金融業，保険業従業者数（男）,Ｊ金融業，保険業従業者数（女）,Ｋ不動産業，物品賃貸業（事業所数）,Ｋ不動産業，物品賃貸業従業者数　総数　1）,Ｋ不動産業，物品賃貸業従業者数（男）,Ｋ不動産業，物品賃貸業従業者数（女）,Ｌ学術研究，専門・技術サービス業（事業所数）,Ｌ学術研究，専門・技術サービス業従業者数　総数　1）,Ｌ学術研究，専門・技術サービス業従業者数（男）,Ｌ学術研究，専門・技術サービス業従業者数（女）,Ｍ宿泊業，飲食サービス業（事業所数）,Ｍ宿泊業，飲食サービス業従業者数　総数　1）),Ｍ宿泊業，飲食サービス業従業者数（男）,Ｍ宿泊業，飲食サービス業従業者数（女）,Ｎ生活関連サービス業，娯楽業（事業所数）,Ｎ生活関連サービス業，娯楽業従業者数　総数　1）,Ｎ生活関連サービス業，娯楽業従業者数（男）,Ｎ生活関連サービス業，娯楽業従業者数（女）,Ｏ教育，学習支援業（事業所数）,Ｏ教育，学習支援業従業者数　総数　1）,Ｏ教育，学習支援業従業者数（男）,Ｏ教育，学習支援業従業者数（女）,Ｐ医療，福祉（事業所数）,Ｐ医療，福祉従業者数　総数　1）,Ｐ医療，福祉従業者数（男）,Ｐ医療，福祉従業者数（女）,Ｑ複合サービス事業（事業所数）,Ｑ複合サービス事業従業者数　総数　1）,Ｑ複合サービス事業従業者数（男）,Ｑ複合サービス事業従業者数（女）,Ｒサービス業(他に分類されないもの)（事業所数）,Ｒサービス業(他に分類されないもの)従業者数　総数　1）,Ｒサービス業(他に分類されないもの)従業者数（男）,Ｒサービス業(他に分類されないもの)従業者数（女）
大倉山一丁目,おおくらやま1ちようめ,194,1604,626,978,0,0,0,0,0,0,0,0,0,0,0,0,3,9,8,1,3,13,11,2,0,0,0,0,0,0,0,0,0,0,0,0,52,459,184,275,4,64,25,39,28,108,57,51,4,9,5,4,31,319,112,207,22,181,89,92,12,110,61,49,30,301,50,251,1,10,6,4,4,21,18,3
大倉山二丁目,おおくらやま2ちようめ,97,436,169,267,0,0,0,0,0,0,0,0,0,0,0,0,0,0,0,0,0,0,0,0,0,0,0,0,1,1,1,0,1,3,3,0,23,91,34,57,0,0,0,0,33,96,54,42,4,23,10,13,10,55,25,30,9,36,11,25,3,26,5,21,8,92,18,74,0,0,0,0,5,13,8,5
大倉山三丁目,おおくらやま3ちようめ,178,1112,457,626,0,0,0,0,0,0,0,0,0,0,0,0,5,42,35,7,5,108,72,36,0,0,0,0,2,4,2,2,0,0,0,0,38,201,63,138,0,0,0,0,17,49,29,20,6,16,7,9,37,190,97,64,24,160,72,88,6,47,15,32,34,287,59,228,0,0,0,0,4,8,6,2
大倉山四丁目,おおくらやま4ちようめ,43,280,131,149,1,1,1,0,0,0,0,0,0,0,0,0,2,4,3,1,5,25,22,3,0,0,0,0,1,1,1,0,1,21,21,0,10,130,61,69,0,0,0,0,6,18,6,12,3,5,2,3,2,2,1,1,2,2,2,0,1,3,1,2,6,54,5,49,1,7,2,5,2,7,3,4
大倉山五丁目,おおくらやま5ちようめ,67,291,145,146,0,0,0,0,0,0,0,0,0,0,0,0,5,21,18,3,7,32,23,9,0,0,0,0,1,1,1,0,0,0,0,0,17,110,50,60,1,13,9,4,11,26,18,8,4,6,3,3,8,27,9,18,10,24,11,13,1,3,1,2,2,28,2,26,0,0,0,0,0,0,0,0
大倉山六丁目,おおくらやま6ちようめ,36,179,121,58,1,3,2,1,0,0,0,0,0,0,0,0,6,48,38,10,3,10,6,4,0,0,0,0,0,0,0,0,0,0,0,0,6,50,41,9,0,0,0,0,14,53,31,22,0,0,0,0,3,10,1,9,2,3,1,2,0,0,0,0,0,0,0,0,0,0,0,0,1,2,1,1
大倉山七丁目,おおくらやま7ちようめ,33,148,76,72,0,0,0,0,0,0,0,0,0,0,0,0,5,36,33,3,5,30,14,16,0,0,0,0,1,3,2,1,0,0,0,0,4,12,5,7,0,0,0,0,4,11,5,6,1,1,1,0,5,16,6,10,2,4,3,1,1,1,0,1,4,28,4,24,1,6,3,3,0,0,0,0
大曽根一丁目,おおそね1ちようめ,94,328,143,185,0,0,0,0,0,0,0,0,0,0,0,0,7,17,14,3,1,3,1,2,0,0,0,0,0,0,0,0,1,3,2,1,32,103,52,51,0,0,0,0,11,29,15,14,5,20,15,5,8,24,11,13,15,44,16,28,1,12,2,10,11,69,13,56,0,0,0,0,2,4,2,2
大曽根二丁目,おおそね2ちようめ,41,278,119,159,0,0,0,0,0,0,0,0,0,0,0,0,3,21,16,5,1,2,1,1,0,0,0,0,0,0,0,0,0,0,0,0,10,53,21,32,0,0,0,0,7,10,6,4,2,4,2,2,2,15,3,12,4,5,0,5,4,86,53,33,6,71,10,61,0,0,0,0,2,11,7,4
大曽根三丁目,おおそね3ちようめ,29,111,61,50,0,0,0,0,0,0,0,0,0,0,0,0,3,11,5,6,1,24,17,7,0,0,0,0,2,3,2,1,0,0,0,0,8,46,24,22,0,0,0,0,5,9,4,5,3,6,3,3,2,4,2,2,4,6,3,3,0,0,0,0,1,2,1,1,0,0,0,0,0,0,0,0
大曽根台,おおそねだい,40,138,73,65,0,0,0,0,0,0,0,0,0,0,0,0,4,15,10,5,3,17,12,5,0,0,0,0,0,0,0,0,0,0,0,0,5,8,5,3,2,3,1,2,16,47,22,25,2,17,4,13,1,2,1,1,3,10,6,4,1,8,8,0,1,2,0,2,0,0,0,0,2,9,4,5
菊名一丁目,きくな1ちようめ,134,877,368,509,0,0,0,0,0,0,0,0,0,0,0,0,3,17,9,8,1,2,1,1,0,0,0,0,1,1,1,0,1,16,14,2,61,459,202,257,2,14,2,12,7,27,16,11,3,23,8,15,22,105,42,63,15,64,30,34,6,31,18,13,9,79,15,64,1,9,2,7,2,30,8,22
菊名二丁目,きくな2ちようめ,32,297,126,171,0,0,0,0,0,0,0,0,0,0,0,0,2,4,3,1,0,0,0,0,0,0,0,0,1,18,18,0,0,0,0,0,2,118,40,78,1,2,0,2,4,8,7,1,6,14,10,4,5,61,20,41,2,12,1,11,2,3,0,3,4,40,13,27,0,0,0,0,3,17,14,3
菊名三丁目,きくな3ちようめ,42,229,98,131,0,0,0,0,0,0,0,0,0,0,0,0,7,41,35,6,1,16,4,12,0,0,0,0,0,0,0,0,0,0,0,0,5,21,8,13,0,0,0,0,14,27,16,11,3,7,3,4,0,0,0,0,7,20,11,9,1,5,2,3,4,92,19,73,0,0,0,0,0,0,0,0
菊名四丁目,きくな4ちようめ,66,1236,438,798,0,0,0,0,0,0,0,0,0,0,0,0,3,17,15,2,1,4,3,1,0,0,0,0,0,0,0,0,0,0,0,0,12,82,27,55,2,11,2,9,11,53,39,14,1,3,2,1,8,107,54,53,7,20,8,12,5,67,7,60,11,850,269,581,1,9,4,5,4,13,8,5
菊名五丁目,きくな5ちようめ,29,124,63,61,0,0,0,0,0,0,0,0,0,0,0,0,0,0,0,0,0,0,0,0,0,0,0,0,1,3,3,0,0,0,0,0,3,6,1,5,0,0,0,0,10,29,17,12,3,10,7,3,3,17,7,10,3,48,21,27,1,2,1,1,3,4,2,2,0,0,0,0,2,5,4,1
菊名六丁目,きくな6ちようめ,145,1784,894,890,0,0,0,0,0,0,0,0,0,0,0,0,11,81,60,21,2,16,14,2,0,0,0,0,0,0,0,0,1,327,244,83,26,267,110,157,7,166,29,137,21,74,46,28,11,54,30,24,14,100,44,56,18,50,18,32,14,176,103,73,14,225,52,173,1,52,36,16,5,196,108,88
菊名七丁目,きくな7ちようめ,75,1404,888,516,0,0,0,0,0,0,0,0,0,0,0,0,4,41,33,8,6,201,173,28,0,0,0,0,4,138,74,64,5,137,124,13,22,407,184,223,1,5,5,0,4,110,92,18,1,24,19,5,7,73,40,33,8,44,17,27,6,150,82,68,3,26,9,17,0,0,0,0,4,48,36,12
岸根町,きしねちよう,83,596,353,203,0,0,0,0,0,0,0,0,0,0,0,0,9,96,79,17,1,6,1,5,0,0,0,0,0,0,0,0,4,71,63,8,19,154,85,69,2,6,4,2,18,40,21,19,1,1,1,0,13,116,49,27,5,32,24,8,2,6,5,1,4,48,4,44,0,0,0,0,5,20,17,3
北新横浜一丁目,きたしんよこはま1ちようめ,60,1095,584,511,0,0,0,0,0,0,0,0,0,0,0,0,1,12,9,3,5,47,40,7,0,0,0,0,0,0,0,0,1,13,13,0,24,476,266,210,1,95,82,13,5,11,5,6,1,8,4,4,6,61,23,38,1,30,6,24,1,8,8,0,9,277,87,190,0,0,0,0,5,57,41,16
北新横浜二丁目,きたしんよこはま2ちようめ,32,694,306,388,0,0,0,0,0,0,0,0,0,0,0,0,2,44,38,6,7,226,100,126,0,0,0,0,0,0,0,0,0,0,0,0,8,60,36,24,0,0,0,0,3,53,36,17,1,5,3,2,1,7,0,7,2,49,15,34,0,0,0,0,8,250,78,172,0,0,0,0,0,0,0,0
小机町,こづくえちよう,406,3430,1693,1737,1,3,2,1,0,0,0,0,0,0,0,0,48,264,218,46,19,189,96,93,0,0,0,0,4,7,4,3,12,280,256,24,80,528,282,246,1,23,15,8,116,247,148,99,9,48,27,21,30,181,64,117,27,71,22,49,7,50,16,34,28,1317,386,931,2,24,11,13,21,190,142,48
篠原北一丁目,しのはらきた1ちようめ,74,385,111,274,0,0,0,0,0,0,0,0,0,0,0,0,2,9,6,3,1,2,1,1,0,0,0,0,0,0,0,0,0,0,0,0,11,116,20,96,1,13,7,6,7,19,8,11,2,5,2,3,22,75,19,56,12,51,28,23,4,29,4,25,6,51,10,41,0,0,0,0,6,15,6,9
篠原北二丁目,しのはらきた2ちようめ,67,453,268,154,0,0,0,0,0,0,0,0,0,0,0,0,2,4,3,1,1,1,1,0,0,0,0,0,1,144,126,18,0,0,0,0,7,39,28,11,1,6,3,3,14,31,16,15,4,19,11,8,8,58,13,14,5,6,2,4,8,14,2,12,10,103,45,58,0,0,0,0,6,28,18,10
篠原台町,しのはらだいまち,41,241,98,143,0,0,0,0,0,0,0,0,0,0,0,0,4,22,17,5,3,10,4,6,0,0,0,0,1,2,1,1,0,0,0,0,7,26,10,16,2,4,2,2,5,12,4,8,3,10,7,3,1,2,2,0,5,16,9,7,4,109,35,74,2,6,3,3,1,6,2,4,3,16,2,14
篠原町,しのはらちよう,225,2701,1454,1247,0,0,0,0,0,0,0,0,0,0,0,0,20,217,191,26,6,22,17,5,1,4,4,0,5,34,24,10,9,419,379,40,52,745,337,408,3,6,5,1,35,145,92,53,10,40,23,17,29,552,235,317,13,85,23,62,6,47,18,29,21,269,53,216,1,7,2,5,14,109,51,58
篠原西町,しのはらにしちよう,60,330,199,131,0,0,0,0,0,0,0,0,0,0,0,0,4,53,34,19,3,9,9,0,0,0,0,0,0,0,0,0,0,0,0,0,17,123,83,40,0,0,0,0,7,17,10,7,6,29,21,8,5,20,14,6,2,4,2,2,2,7,6,1,10,60,15,45,0,0,0,0,4,8,5,3
篠原東一丁目,しのはらひがし1ちようめ,36,162,58,104,0,0,0,0,0,0,0,0,0,0,0,0,0,0,0,0,1,1,1,0,0,0,0,0,1,1,0,1,0,0,0,0,4,11,3,8,0,0,0,0,12,38,14,24,2,2,2,0,2,27,15,12,3,13,5,8,3,15,2,13,3,39,9,30,0,0,0,0,5,15,7,8
篠原東二丁目,しのはらひがし2ちようめ,36,262,146,116,0,0,0,0,0,0,0,0,0,0,0,0,3,64,61,3,1,11,11,0,0,0,0,0,1,1,0,1,0,0,0,0,4,52,36,16,0,0,0,0,12,17,8,9,3,10,8,2,0,0,0,0,2,6,1,5,3,7,6,1,4,89,12,77,0,0,0,0,3,5,3,2
篠原東三丁目,しのはらひがし3ちようめ,24,84,40,44,0,0,0,0,0,0,0,0,0,0,0,0,1,3,2,1,0,0,0,0,0,0,0,0,1,1,1,0,0,0,0,0,3,17,4,13,1,2,1,1,10,24,16,8,1,1,0,1,0,0,0,0,1,3,1,2,3,19,11,8,2,13,3,10,0,0,0,0,1,1,1,0
下田町一丁目,しもだちよう1ちようめ,14,42,27,15,0,0,0,0,0,0,0,0,0,0,0,0,2,4,3,1,1,3,1,2,0,0,0,0,0,0,0,0,0,0,0,0,0,0,0,0,0,0,0,0,1,1,1,0,2,7,4,3,1,1,0,1,1,1,0,1,0,0,0,0,2,9,5,4,0,0,0,0,4,16,13,3
下田町二丁目,しもだちよう2ちようめ,37,149,66,83,1,2,1,1,0,0,0,0,0,0,0,0,5,22,15,7,2,14,10,4,0,0,0,0,1,1,1,0,0,0,0,0,8,54,10,44,0,0,0,0,11,16,9,7,1,1,1,0,0,0,0,0,2,4,1,3,2,16,2,14,4,19,16,3,0,0,0,0,0,0,0,0
下田町三丁目,しもだちよう3ちようめ,39,120,72,48,0,0,0,0,0,0,0,0,0,0,0,0,3,24,19,5,3,8,5,3,0,0,0,0,1,1,1,0,0,0,0,0,10,24,13,11,0,0,0,0,5,12,6,6,2,7,2,5,1,2,1,1,4,4,1,3,1,10,2,8,3,10,9,1,0,0,0,0,6,18,13,5
下田町四丁目,しもだちよう4ちようめ,45,314,138,176,0,0,0,0,0,0,0,0,0,0,0,0,0,0,0,0,3,5,3,2,0,0,0,0,2,6,3,3,1,3,2,1,14,118,60,58,1,19,14,5,2,5,4,1,1,2,1,1,7,27,6,21,6,21,12,9,0,0,0,0,7,102,28,74,0,0,0,0,1,6,5,1
下田町五丁目,しもだちよう5ちようめ,47,303,159,144,0,0,0,0,0,0,0,0,0,0,0,0,11,93,82,11,1,1,1,0,0,0,0,0,1,3,2,1,0,0,0,0,8,83,36,47,0,0,0,0,3,14,5,9,1,1,1,0,4,47,19,28,8,16,4,12,4,11,2,9,4,26,4,22,0,0,0,0,2,8,3,5
下田町六丁目,しもだちよう6ちようめ,42,215,152,63,0,0,0,0,0,0,0,0,0,0,0,0,10,132,118,14,2,2,2,0,0,0,0,0,0,0,0,0,0,0,0,0,5,9,6,3,0,0,0,0,3,6,3,3,6,7,4,3,1,3,1,2,6,10,2,8,1,1,0,1,5,29,9,20,1,7,3,4,2,9,4,5
新横浜一丁目,しんよこはま1ちようめ,242,7498,5273,2225,0,0,0,0,0,0,0,0,0,0,0,0,19,1269,1073,196,16,214,153,61,0,0,0,0,22,1098,1006,92,8,222,190,32,94,2352,1526,826,1,6,5,1,13,64,39,25,22,286,214,72,15,292,127,165,5,160,67,93,0,0,0,0,11,426,137,289,0,0,0,0,16,1109,736,373
新横浜二丁目,しんよこはま2ちようめ,904,24511,16072,8387,0,0,0,0,0,0,0,0,0,0,0,0,33,641,509,132,41,1594,1280,314,1,146,120,26,72,3096,2543,553,6,231,221,10,331,7897,5284,2613,29,997,577,420,48,726,528,173,74,1382,1015,367,112,2231,1053,1151,33,756,284,472,17,411,242,169,31,694,166,528,1,12,4,8,75,3697,2246,1451
新横浜三丁目,しんよこはま3ちようめ,751,19846,12834,6957,2,56,37,19,0,0,0,0,0,0,0,0,20,224,165,59,40,2067,1723,344,0,0,0,0,70,4067,3288,779,8,338,254,84,322,6157,3674,2428,26,531,211,320,31,289,175,114,69,935,688,247,49,2150,993,1157,24,421,136,285,8,166,122,44,23,355,91,264,1,10,4,6,58,2080,1273,807
新吉田町,しんよしだちよう,438,4015,2555,1460,1,43,7,36,0,0,0,0,0,0,0,0,49,405,349,56,221,1673,1259,414,0,0,0,0,5,18,14,4,5,97,86,11,40,464,238,226,1,1,0,1,30,99,51,48,6,28,23,5,11,83,27,56,8,44,14,30,6,29,23,6,13,720,274,446,1,9,3,6,41,302,187,115
新吉田東一丁目,しんよしだひがし1ちようめ,61,308,193,115,0,0,0,0,0,0,0,0,0,0,0,0,16,91,74,17,10,61,41,20,0,0,0,0,2,9,5,4,0,0,0,0,6,23,10,13,0,0,0,0,12,23,5,18,4,10,6,4,3,61,34,27,4,9,4,5,1,1,0,1,1,3,1,2,0,0,0,0,2,17,13,4
新吉田東二丁目,しんよしだひがし2ちようめ,25,177,119,58,0,0,0,0,0,0,0,0,0,0,0,0,4,82,67,15,3,47,23,24,0,0,0,0,0,0,0,0,0,0,0,0,3,9,6,3,0,0,0,0,5,8,6,2,3,15,10,5,2,3,1,2,0,0,0,0,2,6,3,3,2,5,2,3,0,0,0,0,1,2,1,1
新吉田東三丁目,しんよしだひがし3ちようめ,82,930,695,235,0,0,0,0,0,0,0,0,0,0,0,0,10,48,41,7,46,669,562,107,0,0,0,0,0,0,0,0,2,20,20,0,9,66,39,27,0,0,0,0,3,8,4,4,0,0,0,0,3,8,3,5,5,73,16,57,0,0,0,0,1,24,0,24,0,0,0,0,3,14,10,4
新吉田東四丁目,しんよしだひがし4ちようめ,25,388,240,148,0,0,0,0,0,0,0,0,0,0,0,0,9,83,74,9,1,4,2,2,0,0,0,0,0,0,0,0,0,0,0,0,4,270,148,122,0,0,0,0,4,8,5,3,1,3,1,2,1,3,1,2,1,2,1,1,1,1,1,0,2,9,3,6,0,0,0,0,1,5,4,1
新吉田東五丁目,しんよしだひがし5ちようめ,63,357,167,190,1,6,6,0,0,0,0,0,0,0,0,0,9,26,16,10,2,7,5,2,0,0,0,0,0,0,0,0,1,8,8,0,18,138,77,61,0,0,0,0,3,6,3,3,6,30,20,10,2,12,6,6,10,25,9,16,4,27,4,23,7,72,13,59,0,0,0,0,0,0,0,0
新吉田東六丁目,しんよしだひがし6ちようめ,52,276,113,163,0,0,0,0,0,0,0,0,0,0,0,0,9,36,27,9,4,12,7,5,0,0,0,0,2,2,2,0,1,12,11,1,8,17,7,10,0,0,0,0,1,2,1,1,1,1,1,0,6,34,16,18,8,17,9,8,3,11,0,11,7,121,28,93,1,9,4,5,1,2,0,2
新吉田東七丁目,しんよしだひがし7ちようめ,31,237,180,57,0,0,0,0,0,0,0,0,0,0,0,0,10,60,52,8,6,52,27,25,0,0,0,0,0,0,0,0,1,16,15,1,3,7,4,3,1,1,1,0,0,0,0,0,1,1,1,0,0,0,0,0,3,7,3,4,0,0,0,0,1,8,2,6,0,0,0,0,5,85,75,10
新吉田東八丁目,しんよしだひがし8ちようめ,136,1864,1104,728,0,0,0,0,0,0,0,0,0,0,0,0,17,92,74,18,52,882,624,258,0,0,0,0,2,2,2,0,1,4,2,2,23,562,218,344,0,0,0,0,5,20,17,3,5,47,41,6,9,64,19,13,8,59,31,28,0,0,0,0,4,34,11,23,1,22,13,9,9,76,52,24
高田町,たかたちよう,40,250,124,126,1,2,0,2,0,0,0,0,0,0,0,0,10,47,38,9,7,49,25,24,0,0,0,0,0,0,0,0,0,0,0,0,5,27,13,14,0,0,0,0,7,22,11,11,1,13,2,11,0,0,0,0,0,0,0,0,1,6,4,2,3,58,9,49,0,0,0,0,5,26,22,4
高田西一丁目,たかたにし1ちようめ,74,595,410,185,0,0,0,0,0,0,0,0,0,0,0,0,9,67,57,10,27,234,197,37,0,0,0,0,0,0,0,0,0,0,0,0,10,106,61,45,2,16,11,5,3,30,19,11,1,23,13,10,14,73,26,47,4,33,20,13,0,0,0,0,2,8,3,5,0,0,0,0,2,5,3,2
高田西二丁目,たかたにし2ちようめ,69,481,200,281,0,0,0,0,0,0,0,0,0,0,0,0,4,11,8,3,4,15,9,6,0,0,0,0,3,10,7,3,0,0,0,0,15,155,61,94,1,6,5,1,3,17,16,1,3,17,5,12,22,70,26,44,6,15,6,9,3,5,1,4,5,160,56,104,0,0,0,0,0,0,0,0
高田西三丁目,たかたにし3ちようめ,35,343,165,178,0,0,0,0,0,0,0,0,0,0,0,0,8,60,56,4,5,49,33,16,0,0,0,0,1,5,4,1,1,1,1,0,8,101,31,70,0,0,0,0,2,16,8,8,0,0,0,0,2,16,3,13,0,0,0,0,1,3,1,2,3,81,19,62,0,0,0,0,4,11,9,2
高田西四丁目,たかたにし4ちようめ,44,181,99,82,0,0,0,0,0,0,0,0,0,0,0,0,9,35,23,12,5,18,11,7,0,0,0,0,0,0,0,0,0,0,0,0,9,44,26,18,0,0,0,0,4,8,5,3,5,14,8,6,1,5,2,3,5,12,6,6,3,22,4,18,1,7,0,7,0,0,0,0,2,16,14,2
高田西五丁目,たかたにし5ちようめ,25,94,57,37,0,0,0,0,0,0,0,0,0,0,0,0,4,14,7,7,4,41,35,6,0,0,0,0,2,4,3,1,0,0,0,0,3,7,1,6,0,0,0,0,8,17,6,11,1,2,1,1,2,8,3,5,0,0,0,0,0,0,0,0,0,0,0,0,0,0,0,0,1,1,1,0
高田東一丁目,たかたひがし1ちようめ,46,275,144,131,0,0,0,0,0,0,0,0,0,0,0,0,8,69,54,15,2,9,6,3,0,0,0,0,0,0,0,0,0,0,0,0,11,74,42,32,0,0,0,0,6,20,10,10,1,4,1,3,2,20,10,10,5,14,3,11,4,26,6,20,6,31,9,22,1,8,3,5,0,0,0,0
高田東二丁目,たかたひがし2ちようめ,23,97,57,40,0,0,0,0,0,0,0,0,0,0,0,0,4,18,14,4,2,3,3,0,0,0,0,0,0,0,0,0,0,0,0,0,5,32,16,16,0,0,0,0,9,29,21,8,1,5,3,2,0,0,0,0,1,2,0,2,0,0,0,0,1,8,0,8,0,0,0,0,0,0,0,0
高田東三丁目,たかたひがし3ちようめ,35,185,66,119,0,0,0,0,0,0,0,0,0,0,0,0,4,12,7,5,1,2,2,0,0,0,0,0,0,0,0,0,0,0,0,0,7,35,24,11,1,4,2,2,5,13,6,7,2,15,4,11,5,45,10,35,3,3,1,2,0,0,0,0,7,56,10,46,0,0,0,0,0,0,0,0
高田東四丁目,たかたひがし4ちようめ,62,363,208,155,0,0,0,0,0,0,0,0,0,0,0,0,10,66,52,14,7,30,22,8,0,0,0,0,1,3,2,1,1,23,19,4,12,82,33,49,1,15,11,4,7,15,7,8,1,3,2,1,9,22,4,18,6,45,38,7,1,0,0,0,5,58,18,40,0,0,0,0,1,1,0,1
樽町一丁目,たるまち1ちようめ,79,870,397,473,0,0,0,0,0,0,0,0,0,0,0,0,3,25,20,5,13,89,72,17,0,0,0,0,0,0,0,0,2,7,6,1,14,152,88,64,0,0,0,0,15,34,19,15,4,21,11,10,9,92,31,61,7,33,19,14,1,15,3,12,7,329,68,261,1,6,3,3,3,67,57,10
樽町二丁目,たるまち2ちようめ,106,945,503,442,0,0,0,0,0,0,0,0,0,0,0,0,7,27,20,7,15,194,158,36,0,0,0,0,1,144,103,41,0,0,0,0,20,132,70,62,0,0,0,0,8,18,8,10,2,4,1,3,27,151,59,92,8,40,24,16,4,22,9,13,11,206,45,161,0,0,0,0,3,7,6,1
樽町三丁目,たるまち3ちようめ,101,1675,1047,628,0,0,0,0,0,0,0,0,0,0,0,0,11,85,76,9,21,739,599,140,0,0,0,0,1,10,5,5,1,23,23,0,21,381,166,215,0,0,0,0,13,127,67,60,3,12,8,4,8,68,29,39,6,58,28,30,3,5,2,3,8,127,18,109,0,0,0,0,5,40,26,14
樽町四丁目,たるまち4ちようめ,127,1294,926,368,0,0,0,0,0,0,0,0,0,0,0,0,11,107,88,19,67,575,452,123,0,0,0,0,0,0,0,0,2,22,16,6,20,310,192,118,0,0,0,0,9,34,17,17,4,131,120,11,5,72,26,46,2,8,3,5,2,6,0,6,1,8,0,8,0,0,0,0,4,21,12,9
綱島上町,つなしまかみちよう,9,57,23,34,0,0,0,0,0,0,0,0,0,0,0,0,0,0,0,0,0,0,0,0,0,0,0,0,0,0,0,0,0,0,0,0,2,27,10,17,0,0,0,0,3,13,7,6,1,4,4,0,0,0,0,0,2,6,1,5,0,0,0,0,1,7,1,6,0,0,0,0,0,0,0,0
綱島台,つなしまだい,61,471,266,205,0,0,0,0,0,0,0,0,0,0,0,0,7,26,19,7,2,13,10,3,0,0,0,0,1,2,1,1,1,258,163,95,7,34,21,13,2,4,2,2,27,59,28,31,2,4,2,2,2,3,1,2,4,6,2,4,1,17,0,17,2,9,1,8,1,22,15,7,2,14,1,13
綱島西一丁目,つなしまにし1ちようめ,269,2204,953,1236,0,0,0,0,0,0,0,0,0,0,0,0,3,16,14,2,2,4,3,1,0,0,0,0,4,26,19,7,2,16,14,2,61,498,148,350,9,169,57,112,31,120,67,53,5,34,25,9,75,840,449,376,37,174,68,106,12,74,27,47,25,223,56,167,0,0,0,0,3,10,6,4
綱島西二丁目,つなしまにし2ちようめ,294,2552,996,1535,0,0,0,0,0,0,0,0,0,0,0,0,5,23,19,4,3,14,11,3,0,0,0,0,11,54,35,19,0,0,0,0,63,649,232,417,4,121,41,80,27,145,76,69,12,29,19,10,41,326,159,146,43,298,149,149,28,340,131,209,43,490,94,396,1,2,1,1,13,61,29,32
綱島西三丁目,つなしまにし3ちようめ,102,620,295,325,1,9,8,1,0,0,0,0,0,0,0,0,7,37,32,5,2,6,4,2,0,0,0,0,0,0,0,0,0,0,0,0,18,103,48,55,1,4,2,2,6,17,14,3,6,32,17,15,22,121,75,46,13,85,33,52,5,17,7,10,17,170,44,126,1,11,6,5,3,8,5,3
綱島西四丁目,つなしまにし4ちようめ,63,482,245,237,0,0,0,0,0,0,0,0,0,0,0,0,6,21,17,4,2,29,21,8,0,0,0,0,0,0,0,0,0,0,0,0,15,158,50,108,1,13,8,5,8,22,10,12,0,0,0,0,11,31,8,23,10,28,11,17,3,16,12,4,5,47,8,39,0,0,0,0,2,117,100,17
綱島西五丁目,つなしまにし5ちようめ,67,361,188,173,0,0,0,0,0,0,0,0,0,0,0,0,9,49,39,10,7,68,43,25,0,0,0,0,2,6,5,1,2,15,12,3,15,69,24,45,0,0,0,0,4,8,6,2,5,28,25,3,8,50,16,34,5,11,3,8,4,17,3,14,6,40,12,28,0,0,0,0,0,0,0,0
綱島西六丁目,つなしまにし6ちようめ,42,239,138,101,0,0,0,0,0,0,0,0,0,0,0,0,3,4,4,0,0,0,0,0,0,0,0,0,2,19,13,6,1,1,1,0,12,124,84,40,0,0,0,0,6,18,12,6,4,6,4,2,3,34,7,27,2,4,2,2,2,13,1,12,1,2,1,1,0,0,0,0,6,14,9,5
綱島東一丁目,つなしまひがし1ちようめ,126,1063,491,572,0,0,0,0,0,0,0,0,0,0,0,0,3,17,11,6,2,11,6,5,0,0,0,0,2,10,7,3,2,23,19,4,17,176,69,107,4,57,14,43,24,113,61,52,3,9,5,4,24,208,91,117,14,180,104,76,5,44,25,19,25,214,79,135,0,0,0,0,1,1,0,1
綱島東二丁目,つなしまひがし2ちようめ,93,1241,852,339,0,0,0,0,0,0,0,0,0,0,0,0,1,11,8,3,3,167,141,26,0,0,0,0,0,0,0,0,0,0,0,0,17,563,430,116,0,0,0,0,40,107,64,43,2,5,2,3,8,128,57,38,5,16,6,10,3,34,27,7,9,59,13,46,1,7,4,3,4,144,100,44
綱島東三丁目,つなしまひがし3ちようめ,56,345,188,157,0,0,0,0,0,0,0,0,0,0,0,0,7,34,27,7,13,103,51,52,0,0,0,0,0,0,0,0,3,63,62,1,5,14,6,8,0,0,0,0,6,12,5,7,2,2,2,0,8,30,7,23,2,39,7,32,0,0,0,0,4,26,4,22,0,0,0,0,6,22,17,5
綱島東四丁目,つなしまひがし4ちようめ,52,444,263,181,0,0,0,0,0,0,0,0,0,0,0,0,5,27,22,5,17,120,87,33,0,0,0,0,0,0,0,0,0,0,0,0,8,164,95,69,0,0,0,0,3,6,3,3,2,16,11,5,3,26,14,12,4,11,4,7,0,0,0,0,7,52,8,44,0,0,0,0,3,22,19,3
綱島東五丁目,つなしまひがし5ちようめ,103,1300,870,430,0,0,0,0,0,0,0,0,0,0,0,0,8,37,28,9,53,886,660,226,0,0,0,0,1,4,2,2,4,154,56,98,14,89,45,44,0,0,0,0,3,7,6,1,3,20,13,7,3,10,5,5,2,33,19,14,1,11,3,8,5,19,7,12,0,0,0,0,6,30,26,4
綱島東六丁目,つなしまひがし6ちようめ,87,1565,1244,321,0,0,0,0,0,0,0,0,0,0,0,0,10,138,120,18,57,1137,898,239,1,64,61,3,0,0,0,0,1,44,42,2,8,74,56,18,0,0,0,0,1,2,1,1,1,36,29,7,1,5,1,4,0,0,0,0,0,0,0,0,2,12,8,4,0,0,0,0,5,53,28,25
鳥山町,とりやまちよう,189,2381,1385,970,1,10,5,5,0,0,0,0,0,0,0,0,36,200,152,48,13,55,29,26,0,0,0,0,2,3,3,0,7,446,423,23,42,736,382,354,0,0,0,0,34,85,51,34,3,27,22,5,17,158,53,79,9,120,57,63,4,154,78,76,8,234,62,172,2,13,5,8,11,140,63,77
仲手原一丁目,なかてはら1ちようめ,29,74,34,40,0,0,0,0,0,0,0,0,0,0,0,0,2,4,4,0,0,0,0,0,0,0,0,0,4,10,5,5,1,1,1,0,3,11,6,5,0,0,0,0,5,9,6,3,6,13,8,5,3,13,3,10,0,0,0,0,0,0,0,0,5,13,1,12,0,0,0,0,0,0,0,0
仲手原二丁目,なかてはら2ちようめ,72,581,286,295,0,0,0,0,0,0,0,0,0,0,0,0,2,8,5,3,1,3,1,2,0,0,0,0,2,2,2,0,0,0,0,0,14,79,28,51,2,8,4,4,6,20,15,5,1,4,3,1,8,37,22,15,15,58,23,35,5,150,113,37,11,187,54,133,0,0,0,0,5,25,16,9
錦が丘,にしきがおか,45,302,89,213,0,0,0,0,0,0,0,0,0,0,0,0,1,15,6,9,3,32,15,17,0,0,0,0,1,2,1,1,1,1,1,0,3,30,10,20,0,0,0,0,7,14,7,7,7,21,14,7,4,12,3,9,3,5,3,2,4,30,10,20,10,138,19,119,0,0,0,0,1,2,0,2
新羽町,につぱちよう,890,11173,7666,3422,0,0,0,0,0,0,0,0,0,0,0,0,76,727,612,115,309,4058,3136,922,0,0,0,0,4,45,41,4,26,1296,1084,212,154,1983,1348,635,6,76,30,46,103,519,264,255,13,86,51,35,44,607,199,323,29,296,144,152,7,38,12,26,42,643,194,449,1,15,8,7,76,784,543,241
日吉一丁目,ひよし1ちようめ,26,133,70,63,0,0,0,0,0,0,0,0,0,0,0,0,2,32,27,5,0,0,0,0,0,0,0,0,0,0,0,0,0,0,0,0,4,32,21,11,1,3,2,1,4,6,3,3,3,5,3,2,2,4,2,2,5,8,4,4,1,1,0,1,3,37,5,32,0,0,0,0,1,5,3,2
日吉二丁目,ひよし2ちようめ,232,2303,1016,1262,0,0,0,0,0,0,0,0,0,0,0,0,7,20,11,9,2,43,36,7,0,0,0,0,4,8,7,1,1,127,115,12,78,907,308,574,11,110,24,86,37,153,87,66,6,11,5,6,33,392,217,175,17,75,34,41,14,131,61,70,17,298,98,200,1,13,6,7,4,15,7,8
日吉三丁目,ひよし3ちようめ,61,718,481,237,0,0,0,0,0,0,0,0,0,0,0,0,6,14,12,2,2,8,5,3,0,0,0,0,1,2,1,1,1,18,16,2,11,67,35,32,1,1,0,1,21,44,22,22,1,1,1,0,7,27,21,6,3,33,13,20,3,474,344,130,3,26,10,16,0,0,0,0,1,3,1,2
日吉四丁目,ひよし4ちようめ,42,1196,593,603,0,0,0,0,0,0,0,0,0,0,0,0,5,22,14,8,1,1,1,0,0,0,0,0,0,0,0,0,0,0,0,0,6,86,22,64,0,0,0,0,3,12,7,5,1,3,3,0,9,153,26,127,7,89,38,51,2,647,423,224,2,44,1,43,0,0,0,0,6,139,58,81
日吉五丁目,ひよし5ちようめ,71,626,292,334,0,0,0,0,0,0,0,0,0,0,0,0,8,36,30,6,5,27,21,6,0,0,0,0,5,19,9,10,1,30,30,0,10,144,88,56,0,0,0,0,20,73,37,36,2,5,4,1,3,43,13,30,6,34,11,23,0,0,0,0,6,194,32,162,0,0,0,0,5,21,17,4
日吉六丁目,ひよし6ちようめ,45,504,294,210,0,0,0,0,0,0,0,0,0,0,0,0,9,65,56,9,10,68,50,18,0,0,0,0,0,0,0,0,3,59,51,8,8,72,34,38,0,0,0,0,4,17,10,7,0,0,0,0,3,50,19,31,1,7,4,3,1,58,49,9,4,57,6,51,0,0,0,0,2,51,15,36
日吉七丁目,ひよし7ちようめ,101,1134,701,433,0,0,0,0,0,0,0,0,0,0,0,0,6,40,33,7,30,496,347,149,0,0,0,0,0,0,0,0,1,12,12,0,21,234,149,85,0,0,0,0,4,6,2,4,3,33,20,13,14,74,36,38,6,70,23,47,1,6,0,6,4,52,13,39,1,9,1,8,10,102,65,37
日吉本町一丁目,ひよしほんちよう1ちようめ,442,3320,1546,1763,0,0,0,0,0,0,0,0,0,0,0,0,8,29,20,9,3,12,9,3,0,0,0,0,8,27,16,11,1,10,10,0,70,417,174,243,4,77,7,70,72,255,147,108,10,73,43,30,104,995,559,425,52,263,122,141,33,496,261,235,70,614,143,471,1,10,4,6,6,42,31,11
日吉本町二丁目,ひよしほんちよう2ちようめ,64,382,137,245,0,0,0,0,0,0,0,0,0,0,0,0,5,30,23,7,1,2,2,0,0,0,0,0,1,5,4,1,0,0,0,0,5,20,7,13,0,0,0,0,17,41,21,20,4,21,13,8,7,45,17,28,9,18,8,10,2,18,10,8,7,153,21,132,0,0,0,0,6,29,11,18
日吉本町三丁目,ひよしほんちよう3ちようめ,111,530,262,268,0,0,0,0,0,0,0,0,0,0,0,0,10,36,31,5,0,0,0,0,0,0,0,0,0,0,0,0,1,4,3,1,34,194,92,102,0,0,0,0,14,38,23,15,5,9,3,6,19,53,21,32,12,18,7,11,4,22,18,4,8,132,51,81,1,19,9,10,3,5,4,1
日吉本町四丁目,ひよしほんちよう4ちようめ,86,719,316,403,0,0,0,0,0,0,0,0,0,0,0,0,9,63,55,8,2,58,53,5,0,0,0,0,2,3,1,2,0,0,0,0,22,317,117,200,0,0,0,0,5,9,4,5,6,7,4,3,11,40,25,15,11,27,11,16,5,42,13,29,9,135,24,111,1,10,2,8,3,8,7,1
日吉本町五丁目,ひよしほんちよう5ちようめ,31,142,75,67,0,0,0,0,0,0,0,0,0,0,0,0,8,44,36,8,2,7,5,2,0,0,0,0,1,2,1,1,0,0,0,0,5,12,2,10,1,4,3,1,4,16,8,8,4,7,5,2,0,0,0,0,1,1,0,1,1,1,1,0,3,43,11,32,0,0,0,0,1,5,3,2
日吉本町六丁目,ひよしほんちよう6ちようめ,19,133,63,70,0,0,0,0,0,0,0,0,0,0,0,0,0,0,0,0,1,2,1,1,0,0,0,0,1,1,1,0,0,0,0,0,7,86,40,46,1,3,1,2,1,1,1,0,3,7,3,4,1,2,1,1,0,0,0,0,0,0,0,0,1,10,2,8,0,0,0,0,3,21,13,8
富士塚一丁目,ふじづか1ちようめ,25,175,66,109,0,0,0,0,0,0,0,0,0,0,0,0,1,2,1,1,2,4,3,1,0,0,0,0,0,0,0,0,0,0,0,0,4,15,5,10,0,0,0,0,6,12,5,7,0,0,0,0,0,0,0,0,0,0,0,0,2,2,0,2,10,140,52,88,0,0,0,0,0,0,0,0
富士塚二丁目,ふじづか2ちようめ,25,54,29,25,0,0,0,0,0,0,0,0,0,0,0,0,1,3,1,2,1,5,4,1,0,0,0,0,0,0,0,0,0,0,0,0,2,4,2,2,0,0,0,0,11,19,11,8,5,8,6,2,0,0,0,0,0,0,0,0,3,13,3,10,1,1,1,0,0,0,0,0,1,1,1,0
大豆戸町,まめどちよう,281,3459,2037,1349,0,0,0,0,0,0,0,0,0,0,0,0,21,189,165,24,7,775,610,165,0,0,0,0,3,10,8,2,4,169,143,26,61,747,410,337,5,39,15,24,34,67,39,28,25,141,99,42,27,274,92,109,18,54,26,28,15,81,42,39,38,689,221,468,1,22,12,10,22,202,155,47
箕輪町一丁目,みのわちよう1ちようめ,45,1187,836,340,0,0,0,0,0,0,0,0,0,0,0,0,1,1,1,0,0,0,0,0,0,0,0,0,2,799,606,193,0,0,0,0,9,135,90,45,1,1,1,0,18,63,26,26,4,81,65,16,4,66,34,32,1,6,0,6,1,10,7,3,2,23,5,18,0,0,0,0,2,2,1,1
箕輪町二丁目,みのわちよう2ちようめ,170,2266,1146,1088,0,0,0,0,0,0,0,0,0,0,0,0,9,35,26,9,50,896,479,417,0,0,0,0,3,58,56,2,0,0,0,0,53,673,283,390,2,7,2,5,5,11,5,6,3,16,2,14,13,206,85,89,13,74,22,52,6,211,151,60,9,61,19,42,0,0,0,0,4,18,16,2
箕輪町三丁目,みのわちよう3ちようめ,35,128,62,66,0,0,0,0,0,0,0,0,0,0,0,0,5,23,19,4,8,35,19,16,0,0,0,0,1,1,1,0,0,0,0,0,1,2,1,1,0,0,0,0,5,12,5,7,1,2,1,1,2,7,0,7,4,10,5,5,0,0,0,0,2,22,6,16,0,0,0,0,6,14,5,9
師岡町,もろおかちよう,349,4144,2169,1943,0,0,0,0,0,0,0,0,0,0,0,0,21,144,121,23,12,576,439,137,1,3,2,1,0,0,0,0,4,71,58,13,163,1616,757,859,2,9,1,8,23,64,37,27,11,276,159,117,53,836,334,470,24,299,152,147,9,38,6,32,12,113,39,74,2,16,6,10,12,83,58,25
港北区　2),こうほくく,11345,141277,83573,57084,11,135,69,66,0,0,0,0,0,0,0,0,840,7410,6092,1318,1355,20110,15207,4903,4,217,187,30,287,9962,8098,1864,145,5135,4309,826,2691,36221,20211,15913,154,2735,1243,1492,1401,5363,3146,2181,515,4531,3149,1382,1223,13859,6147,7225,814,5449,2317,3132,368,5047,2741,2306,885,14004,3726,10278,33,382,184,198,618,10709,6743,3966
#注　1）男女別の不詳を含む,,,,,,,,,,,,,,,,,,,,,,,,,,,,,,,,,,,,,,,,,,,,,,,,,,,,,,,,,,,,,,,,,,,,,,,,,,,,,
#注　2）町名不詳を含む,,,,,,,,,,,,,,,,,,,,,,,,,,,,,,,,,,,,,,,,,,,,,,,,,,,,,,,,,,,,,,,,,,,,,,,,,,,,,
#注　3）農業，林業，漁業間格付不能含む,,,,,,,,,,,,,,,,,,,,,,,,,,,,,,,,,,,,,,,,,,,,,,,,,,,,,,,,,,,,,,,,,,,,,,,,,,,,,
